Outplant Date,Monitoring Date,Temp,Site,Lat,Long,Total # of Corals Outplanted,Genus,Species,Genotype ID,Area at Time of Outplanting,Area at 90 Day Monitoring,Area at 12 Month Monitoring,Change in Area T0-T1,Percent Change in Area T0-T1,Number of Clusters at Time of Outplanting,Number of Clusters at 90 Day Monitoring,Number of Clusters at 12 Month Monitoring,Cluster Survival at 90 Day Monitoring,Change in Area T0-T2,Percent Change in Area T0-T2,Cluster Survival at 12 Month Monitoring
2026-05-31,2026-08-31,87,MS_P001,24.51012,-81.56895,1251,Colpophyllia,natans,CN10,241.68,184.06,NA,-57.62,-23.8414432307183,3,3,NA,100,NA,NA,NA
2026-05-31,2026-08-31,87,MS_P001,24.51012,-81.56895,1251,Colpophyllia,natans,CN11,225.13,157.35,NA,-67.78,-30.1070492604273,2,2,NA,100,NA,NA,NA
2026-05-31,2026-08-31,87,MS_P001,24.51012,-81.56895,1251,Colpophyllia,natans,CN21,177,203.44,NA,26.44,14.9378531073446,2,2,NA,100,NA,NA,NA
2026-05-31,2026-08-31,87,MS_P001,24.51012,-81.56895,1251,Colpophyllia,natans,CN30,71.11,79.41,NA,8.3,11.6720573758965,1,1,NA,100,NA,NA,NA
2026-05-31,2026-08-31,87,MS_P001,24.51012,-81.56895,1251,Colpophyllia,natans,CN46,280.1,331,NA,50.9,18.1720813995002,3,3,NA,100,NA,NA,NA
2026-05-31,2026-08-31,87,MS_P001,24.51012,-81.56895,1251,Colpophyllia,natans,CN7,51.05,57.43,NA,6.38,12.4975514201763,1,1,NA,100,NA,NA,NA
2026-05-31,2026-08-31,87,MS_P001,24.51012,-81.56895,1251,Diploria,labyrinthiformis,DL11,95.38,91.17,NA,-4.20999999999999,-4.41392325435101,1,1,NA,100,NA,NA,NA
2026-05-31,2026-08-31,87,MS_P001,24.51012,-81.56895,1251,Diploria,labyrinthiformis,DL12,55.13,38.3,NA,-16.83,-30.5278432795211,1,1,NA,100,NA,NA,NA
2026-05-31,2026-08-31,87,MS_P001,24.51012,-81.56895,1251,Diploria,labyrinthiformis,DL153,28.59,27.05,NA,-1.54,-5.38649877579573,1,1,NA,100,NA,NA,NA
2026-05-31,2026-08-31,87,MS_P001,24.51012,-81.56895,1251,Diploria,labyrinthiformis,DL154,65.7,53.33,NA,-12.37,-18.8280060882801,1,1,NA,100,NA,NA,NA
2026-05-31,2026-08-31,87,MS_P001,24.51012,-81.56895,1251,Diploria,labyrinthiformis,DL156,28.89,20.64,NA,-8.25,-28.5565939771547,1,1,NA,100,NA,NA,NA
2026-05-31,2026-08-31,87,MS_P001,24.51012,-81.56895,1251,Diploria,labyrinthiformis,DL157,39.74,30.63,NA,-9.11,-22.9240060392552,1,1,NA,100,NA,NA,NA
2026-05-31,2026-08-31,87,MS_P001,24.51012,-81.56895,1251,Diploria,labyrinthiformis,DL159,33.14,43.09,NA,9.95,30.02414001207,1,1,NA,100,NA,NA,NA
2026-05-31,2026-08-31,87,MS_P001,24.51012,-81.56895,1251,Diploria,labyrinthiformis,DL16,66.43,62.03,NA,-4.39999999999999,-6.62351347282853,1,1,NA,100,NA,NA,NA
2026-05-31,2026-08-31,87,MS_P001,24.51012,-81.56895,1251,Diploria,labyrinthiformis,DL165,31.09,17.41,NA,-13.68,-44.0012865873271,1,1,NA,100,NA,NA,NA
2026-05-31,2026-08-31,87,MS_P001,24.51012,-81.56895,1251,Diploria,labyrinthiformis,DL180,116.44,123.39,NA,6.95,5.96873926485744,2,2,NA,100,NA,NA,NA
2026-05-31,2026-08-31,87,MS_P001,24.51012,-81.56895,1251,Diploria,labyrinthiformis,DL183,68.21,63.51,NA,-4.7,-6.89048526609001,1,1,NA,100,NA,NA,NA
2026-05-31,2026-08-31,87,MS_P001,24.51012,-81.56895,1251,Diploria,labyrinthiformis,DL188,58.25,56.69,NA,-1.56,-2.67811158798284,1,1,NA,100,NA,NA,NA
2026-05-31,2026-08-31,87,MS_P001,24.51012,-81.56895,1251,Diploria,labyrinthiformis,DL2,37.09,29.44,NA,-7.65,-20.625505527096202,1,1,NA,100,NA,NA,NA
2026-05-31,2026-08-31,87,MS_P001,24.51012,-81.56895,1251,Diploria,labyrinthiformis,DL264,37.89,35.91,NA,-1.98,-5.22565320665084,1,1,NA,100,NA,NA,NA
2026-05-31,2026-08-31,87,MS_P001,24.51012,-81.56895,1251,Diploria,labyrinthiformis,DL270,70.79,83.57,NA,12.78,18.0533973725102,2,2,NA,100,NA,NA,NA
2026-05-31,2026-08-31,87,MS_P001,24.51012,-81.56895,1251,Diploria,labyrinthiformis,DL271,92.72,107.57,NA,14.85,16.0159620362381,2,2,NA,100,NA,NA,NA
2026-05-31,2026-08-31,87,MS_P001,24.51012,-81.56895,1251,Diploria,labyrinthiformis,DL3,214.08,112.48,NA,-101.6,-47.4588938714499,5,5,NA,100,NA,NA,NA
2026-05-31,2026-08-31,87,MS_P001,24.51012,-81.56895,1251,Diploria,labyrinthiformis,DL5,46.66,27.68,NA,-18.98,-40.677239605658,1,1,NA,100,NA,NA,NA
2026-05-31,2026-08-31,87,MS_P001,24.51012,-81.56895,1251,Diploria,labyrinthiformis,DL9,43.32,39.39,NA,-3.93,-9.07202216066482,1,1,NA,100,NA,NA,NA
2026-05-31,2026-08-31,87,MS_P001,24.51012,-81.56895,1251,Montastraea,cavernosa,MC106,69.23,80.6,NA,11.37,16.4235158168424,1,1,NA,100,NA,NA,NA
2026-05-31,2026-08-31,87,MS_P001,24.51012,-81.56895,1251,Montastraea,cavernosa,MC126,51.15,38.99,NA,-12.16,-23.7732160312805,1,1,NA,100,NA,NA,NA
2026-05-31,2026-08-31,87,MS_P001,24.51012,-81.56895,1251,Montastraea,cavernosa,MC127,75.72,82.91,NA,7.19,9.49550977284733,1,1,NA,100,NA,NA,NA
2026-05-31,2026-08-31,87,MS_P001,24.51012,-81.56895,1251,Montastraea,cavernosa,MC19,123.3,113.31,NA,-9.98999999999999,-8.10218978102189,3,3,NA,100,NA,NA,NA
2026-05-31,2026-08-31,87,MS_P001,24.51012,-81.56895,1251,Montastraea,cavernosa,MC36,33.16,44.2,NA,11.04,33.2931242460796,1,1,NA,100,NA,NA,NA
2026-05-31,2026-08-31,87,MS_P001,24.51012,-81.56895,1251,Montastraea,cavernosa,MC40,68.04,67.71,NA,-0.329999999999984,-0.485008818342128,1,1,NA,100,NA,NA,NA
2026-05-31,2026-08-31,87,MS_P001,24.51012,-81.56895,1251,Montastraea,cavernosa,MC62,66.52,80.25,NA,13.73,20.6404088995791,1,1,NA,100,NA,NA,NA
2026-05-31,2026-08-31,87,MS_P001,24.51012,-81.56895,1251,Montastraea,cavernosa,MC63,41.61,33.49,NA,-8.12,-19.5145397740928,1,1,NA,100,NA,NA,NA
2026-05-31,2026-08-31,87,MS_P001,24.51012,-81.56895,1251,Montastraea,cavernosa,MC93,52.88,58.91,NA,6.03,11.4031770045386,1,1,NA,100,NA,NA,NA
2026-05-31,2026-08-31,87,MS_P001,24.51012,-81.56895,1251,Montastraea,cavernosa,MC94,81.31,88.13,NA,6.81999999999999,8.38765219530192,1,1,NA,100,NA,NA,NA
2026-05-31,2026-08-31,87,MS_P001,24.51012,-81.56895,1251,Orbicella,faveolata,OF1041,118.89,130.44,NA,11.55,9.71486247792076,1,1,NA,100,NA,NA,NA
2026-05-31,2026-08-31,87,MS_P001,24.51012,-81.56895,1251,Orbicella,faveolata,OF182,34.22,49.41,NA,15.19,44.3892460549386,1,1,NA,100,NA,NA,NA
2026-05-31,2026-08-31,87,MS_P001,24.51012,-81.56895,1251,Orbicella,faveolata,OF457,133.46,48,NA,-85.46,-64.0341675408362,1,1,NA,100,NA,NA,NA
2026-05-31,2026-08-31,87,MS_P001,24.51012,-81.56895,1251,Orbicella,faveolata,OF675,41.28,52.85,NA,11.57,28.0281007751938,1,1,NA,100,NA,NA,NA
2026-05-31,2026-08-31,87,MS_P001,24.51012,-81.56895,1251,Orbicella,faveolata,OF677,57.23,64.36,NA,7.13,12.4585007863009,1,1,NA,100,NA,NA,NA
2026-05-31,2026-08-31,87,MS_P001,24.51012,-81.56895,1251,Orbicella,faveolata,OF773,59.6,57.47,NA,-2.13,-3.57382550335571,1,1,NA,100,NA,NA,NA
2026-05-31,2026-08-31,87,MS_P001,24.51012,-81.56895,1251,Orbicella,faveolata,OF801,50.98,75.25,NA,24.27,47.6069046684974,1,1,NA,100,NA,NA,NA
2026-05-31,2026-08-31,87,MS_P001,24.51012,-81.56895,1251,Orbicella,faveolata,OF977,229.88,247.44,NA,17.56,7.63876805289716,3,3,NA,100,NA,NA,NA
2026-05-31,2026-08-31,87,MS_P001,24.51012,-81.56895,1251,Orbicella,faveolata,OF979,119.05,100.85,NA,-18.2,-15.2876942461151,1,1,NA,100,NA,NA,NA
2026-05-31,2026-08-31,87,MS_P001,24.51012,-81.56895,1251,Orbicella,faveolata,OF985,112.79,136.62,NA,23.83,21.1277595531519,1,1,NA,100,NA,NA,NA
2026-05-31,2026-08-31,87,MS_P001,24.51012,-81.56895,1251,Orbicella,faveolata,OF993,115.88,19.98,NA,-95.9,-82.7580255436659,1,1,NA,100,NA,NA,NA
2026-05-31,2026-08-31,87,MS_P001,24.51012,-81.56895,1251,Orbicella,faveolata,OF995,83.28,79.95,NA,-3.33,-3.9985590778098,1,1,NA,100,NA,NA,NA
2026-05-31,2026-08-31,87,MS_P001,24.51012,-81.56895,1251,Porites,asteroides,PA106,155.18,130.55,NA,-24.63,-15.8718907075654,5,5,NA,100,NA,NA,NA
2026-05-31,2026-08-31,87,MS_P001,24.51012,-81.56895,1251,Porites,asteroides,PA111,23.08,0,NA,-23.08,-100,1,0,NA,0,NA,NA,NA
2026-05-31,2026-08-31,87,MS_P001,24.51012,-81.56895,1251,Porites,asteroides,PA47,42.77,30.48,NA,-12.29,-28.7350946925415,1,1,NA,100,NA,NA,NA
2026-05-31,2026-08-31,87,MS_P001,24.51012,-81.56895,1251,Porites,asteroides,PA50,195.36,79.97,NA,-115.39,-59.0653153153153,6,2,NA,33.3333333333333,NA,NA,NA
2026-05-31,2026-08-31,87,MS_P001,24.51012,-81.56895,1251,Porites,asteroides,PA51,21.89,0,NA,-21.89,-100,1,0,NA,0,NA,NA,NA
2026-05-31,2026-08-31,87,MS_P001,24.51012,-81.56895,1251,Pseudodiploria,clivosa,PC15,88.88,0,NA,-88.88,-100,1,0,NA,0,NA,NA,NA
2026-05-31,2026-08-31,87,MS_P001,24.51012,-81.56895,1251,Pseudodiploria,clivosa,PC19,159.59,123.23,NA,-36.36,-22.7833824174447,2,2,NA,100,NA,NA,NA
2026-05-31,2026-08-31,87,MS_P001,24.51012,-81.56895,1251,Pseudodiploria,clivosa,PC34,157.64,123.01,NA,-34.63,-21.967774676478,4,4,NA,100,NA,NA,NA
2026-05-31,2026-08-31,87,MS_P001,24.51012,-81.56895,1251,Pseudodiploria,clivosa,PC37,181.46,104.44,NA,-77.02,-42.4446158933098,1,1,NA,100,NA,NA,NA
2026-05-31,2026-08-31,87,MS_P001,24.51012,-81.56895,1251,Pseudodiploria,clivosa,PC38,124.67,79.66,NA,-45.01,-36.1033127456485,2,2,NA,100,NA,NA,NA
2026-05-31,2026-08-31,87,MS_P001,24.51012,-81.56895,1251,Pseudodiploria,clivosa,PC40,35.38,10,NA,-25.38,-71.7354437535331,1,1,NA,100,NA,NA,NA
2026-05-31,2026-08-31,87,MS_P001,24.51012,-81.56895,1251,Pseudodiploria,clivosa,PC52,42.64,36.34,NA,-6.3,-14.7748592870544,1,1,NA,100,NA,NA,NA
2026-05-31,2026-08-31,87,MS_P001,24.51012,-81.56895,1251,Pseudodiploria,strigosa,PS1,317.43,220.55,NA,-96.88,-30.5201146709511,7,7,NA,100,NA,NA,NA
2026-05-31,2026-08-31,87,MS_P001,24.51012,-81.56895,1251,Pseudodiploria,strigosa,PS17,55.98,40.94,NA,-15.04,-26.8667381207574,1,1,NA,100,NA,NA,NA
2026-05-31,2026-08-31,87,MS_P001,24.51012,-81.56895,1251,Pseudodiploria,strigosa,PS22,50.77,40.29,NA,-10.48,-20.6421114831593,1,1,NA,100,NA,NA,NA
2026-05-31,2026-08-31,87,MS_P001,24.51012,-81.56895,1251,Pseudodiploria,strigosa,PS23,39.68,0,NA,-39.68,-100,1,0,NA,0,NA,NA,NA
2026-05-31,2026-08-31,87,MS_P001,24.51012,-81.56895,1251,Pseudodiploria,strigosa,PS25,36.42,16.24,NA,-20.18,-55.4091158704009,1,1,NA,100,NA,NA,NA
2026-05-31,2026-08-31,87,MS_P001,24.51012,-81.56895,1251,Pseudodiploria,strigosa,PS3,49.29,27.36,NA,-21.93,-44.4917833231893,1,1,NA,100,NA,NA,NA
2026-05-31,2026-08-31,87,MS_P001,24.51012,-81.56895,1251,Pseudodiploria,strigosa,PS32,30.32,29,NA,-1.32,-4.35356200527705,1,1,NA,100,NA,NA,NA
2026-05-31,2026-08-31,87,MS_P001,24.51012,-81.56895,1251,Pseudodiploria,strigosa,PS35,64.37,44.39,NA,-19.98,-31.0393040236135,2,2,NA,100,NA,NA,NA
2026-05-31,2026-08-31,87,MS_P001,24.51012,-81.56895,1251,Pseudodiploria,strigosa,PS37,0,66.18,NA,66.18,NA,0,1,NA,NA,NA,NA,NA
2026-05-31,2026-08-31,87,MS_P001,24.51012,-81.56895,1251,Pseudodiploria,strigosa,PS45,66.7,61.12,NA,-5.58000000000001,-8.36581709145428,1,1,NA,100,NA,NA,NA
2026-05-31,2026-08-31,87,MS_P001,24.51012,-81.56895,1251,Pseudodiploria,strigosa,PS49,125.21,136.75,NA,11.54,9.21651625269548,1,1,NA,100,NA,NA,NA
2026-05-31,2026-08-31,87,MS_P001,24.51012,-81.56895,1251,Pseudodiploria,strigosa,PS37,77.05,0,NA,-77.05,-100,1,0,NA,0,NA,NA,NA
2026-06-05,2026-08-31,87,MS_P002,24.51001,-81.56874,1567,Colpophyllia,natans,CN0,1459.54,1224.03,NA,-235.51,-16.1359058333448,12,11,NA,91.6666666666667,NA,NA,NA
2026-06-05,2026-08-31,87,MS_P002,24.51001,-81.56874,1567,Colpophyllia,natans,CN12,91.67,100.07,NA,8.40000000000001,9.16330315261264,1,1,NA,100,NA,NA,NA
2026-06-05,2026-08-31,87,MS_P002,24.51001,-81.56874,1567,Colpophyllia,natans,CN49,413.67,431.42,NA,17.75,4.29085986414292,3,3,NA,100,NA,NA,NA
2026-06-05,2026-08-31,87,MS_P002,24.51001,-81.56874,1567,Diploria,labyrinthiformis,DL15,49.92,44.35,NA,-5.57,-11.1578525641026,1,1,NA,100,NA,NA,NA
2026-06-05,2026-08-31,87,MS_P002,24.51001,-81.56874,1567,Diploria,labyrinthiformis,DL23,167.46,131.17,NA,-36.29,-21.6708467693778,4,4,NA,100,NA,NA,NA
2026-06-05,2026-08-31,87,MS_P002,24.51001,-81.56874,1567,Diploria,labyrinthiformis,DL351,124.21,125.92,NA,1.70999999999999,1.37670074873198,2,2,NA,100,NA,NA,NA
2026-06-05,2026-08-31,87,MS_P002,24.51001,-81.56874,1567,Dichocoenia,stokesi,DS6,67.54,64.98,NA,-2.56,-3.79034646135624,2,2,NA,100,NA,NA,NA
2026-06-05,2026-08-31,87,MS_P002,24.51001,-81.56874,1567,Montastraea,cavernosa,MC137,359.64,340.07,NA,-19.57,-5.44155266377488,4,4,NA,100,NA,NA,NA
2026-06-05,2026-08-31,87,MS_P002,24.51001,-81.56874,1567,Montastraea,cavernosa,MC73,59.98,54.05,NA,-5.92999999999999,-9.88662887629209,1,1,NA,100,NA,NA,NA
2026-06-05,2026-08-31,87,MS_P002,24.51001,-81.56874,1567,Orbicella,annularis,OA9,91.05,104.43,NA,13.38,14.6952224052718,2,2,NA,100,NA,NA,NA
2026-06-05,2026-08-31,87,MS_P002,24.51001,-81.56874,1567,Orbicella,faveolata,OF1,104.96,96.94,NA,-8.02000000000001,-7.64100609756098,2,2,NA,100,NA,NA,NA
2026-06-05,2026-08-31,87,MS_P002,24.51001,-81.56874,1567,Orbicella,faveolata,OF1104,45.18,45.13,NA,-0.0500000000000043,-0.110668437361674,1,1,NA,100,NA,NA,NA
2026-06-05,2026-08-31,87,MS_P002,24.51001,-81.56874,1567,Orbicella,faveolata,OF61,28.67,28.04,NA,-0.630000000000003,-2.19741890477852,1,1,NA,100,NA,NA,NA
2026-06-05,2026-08-31,87,MS_P002,24.51001,-81.56874,1567,Orbicella,faveolata,OF773,308.67,254.18,NA,-54.49,-17.6531570933359,9,9,NA,100,NA,NA,NA
2026-06-05,2026-08-31,87,MS_P002,24.51001,-81.56874,1567,Orbicella,faveolata,OF801,41.59,45.91,NA,4.32,10.3871122866074,1,1,NA,100,NA,NA,NA
2026-06-05,2026-08-31,87,MS_P002,24.51001,-81.56874,1567,Orbicella,faveolata,OF988,48.61,42.98,NA,-5.63,-11.5819790166632,1,1,NA,100,NA,NA,NA
2026-06-05,2026-08-31,87,MS_P002,24.51001,-81.56874,1567,Orbicella,faveolata,OF993,209.43,190.28,NA,-19.15,-9.14386668576613,1,1,NA,100,NA,NA,NA
2026-06-05,2026-08-31,87,MS_P002,24.51001,-81.56874,1567,Orbicella,faveolata,OF999,187.44,128.04,NA,-59.4,-31.6901408450704,3,3,NA,100,NA,NA,NA
2026-06-05,2026-08-31,87,MS_P002,24.51001,-81.56874,1567,Orbicella,franksi,OK1,394.96,154.86,NA,-240.1,-60.7909661737897,5,5,NA,100,NA,NA,NA
2026-06-05,2026-08-31,87,MS_P002,24.51001,-81.56874,1567,Porites,asteroides,PA110,63.54,46.27,NA,-17.27,-27.1797293043752,2,2,NA,100,NA,NA,NA
2026-06-05,2026-08-31,87,MS_P002,24.51001,-81.56874,1567,Porites,asteroides,PA26,133.07,72.04,NA,-61.03,-45.8630795821748,6,5,NA,83.3333333333333,NA,NA,NA
2026-06-05,2026-08-31,87,MS_P002,24.51001,-81.56874,1567,Porites,asteroides,PA42,144.98,99.01,NA,-45.97,-31.7078217685198,5,4,NA,80,NA,NA,NA
2026-06-05,2026-08-31,87,MS_P002,24.51001,-81.56874,1567,Porites,asteroides,PA469,120.77,183.62,NA,62.85,52.0410698021032,1,1,NA,100,NA,NA,NA
2026-06-05,2026-08-31,87,MS_P002,24.51001,-81.56874,1567,Porites,asteroides,PA486,95.49,103.22,NA,7.73,8.09508849094146,2,2,NA,100,NA,NA,NA
2026-06-05,2026-08-31,87,MS_P002,24.51001,-81.56874,1567,Porites,asteroides,PA55,36.94,58.03,NA,21.09,57.0925825663238,1,1,NA,100,NA,NA,NA
2026-06-05,2026-08-31,87,MS_P002,24.51001,-81.56874,1567,Porites,asteroides,PA86,113.98,68.72,NA,-45.26,-39.7087208282155,5,3,NA,60,NA,NA,NA
2026-06-05,2026-08-31,87,MS_P002,24.51001,-81.56874,1567,Pseudodiploria,clivosa,PC30,54.96,54.94,NA,-0.0200000000000031,-0.036390101892291,1,1,NA,100,NA,NA,NA
2026-06-05,2026-08-31,87,MS_P002,24.51001,-81.56874,1567,Pseudodiploria,clivosa,PC38,157.83,100.73,NA,-57.1,-36.1781663815498,3,3,NA,100,NA,NA,NA
2026-06-05,NA,87,MS_P002,24.51001,-81.56874,1567,Porites,divericata,PD0,57.14,0,NA,-57.14,-100,3,0,NA,0,NA,NA,NA
2026-06-05,2026-08-31,87,MS_P002,24.51001,-81.56874,1567,Pseudodiploria,strigosa,PS10,81.23,58.45,NA,-22.78,-28.0438261725963,2,2,NA,100,NA,NA,NA
2026-06-05,2026-08-31,87,MS_P002,24.51001,-81.56874,1567,Pseudodiploria,strigosa,PS17,36.16,28.16,NA,-8,-22.1238938053097,1,1,NA,100,NA,NA,NA
2026-06-05,2026-08-31,87,MS_P002,24.51001,-81.56874,1567,Pseudodiploria,strigosa,PS24,52.01,41.44,NA,-10.57,-20.3230148048452,1,1,NA,100,NA,NA,NA
2026-06-05,2026-08-31,87,MS_P002,24.51001,-81.56874,1567,Pseudodiploria,strigosa,PS37,57.72,41.94,NA,-15.78,-27.3388773388773,1,1,NA,100,NA,NA,NA
2026-06-05,2026-08-31,87,MS_P002,24.51001,-81.56874,1567,Solenastrea,bournoni,SB95,128.38,140.03,NA,11.65,9.07462221529834,2,2,NA,100,NA,NA,NA
2026-06-05,2026-08-31,87,MS_P002,24.51001,-81.56874,1567,Solenastrea,hyades,SH120,340.67,38.07,NA,-302.6,-88.8249625737517,4,3,NA,75,NA,NA,NA
2026-06-05,2026-08-31,87,MS_P002,24.51001,-81.56874,1567,Solenastrea,hyades,SH140,101.76,72.61,NA,-29.15,-28.6458333333333,2,2,NA,100,NA,NA,NA
2026-06-05,2026-08-31,87,MS_P002,24.51001,-81.56874,1567,Stephanocenia,intercepta,SI0,657.09,268.37,NA,-388.72,-59.1578018231901,15,10,NA,66.6666666666667,NA,NA,NA
2026-06-05,2026-08-31,87,MS_P002,24.51001,-81.56874,1567,Stephanocenia,intercepta,SI11,41.79,30.16,NA,-11.63,-27.8296243120364,1,1,NA,100,NA,NA,NA
2026-06-05,NA,87,MS_P002,24.51001,-81.56874,1567,Stephanocenia,intercepta,SI9,41.82,0,NA,-41.82,-100,1,0,NA,0,NA,NA,NA
2026-06-05,2026-08-31,87,MS_P002,24.51001,-81.56874,1567,Siderastrea,siderea,SS0,90,108.03,NA,18.03,20.0333333333333,2,2,NA,100,NA,NA,NA
2026-06-01,NA,87,MS_P003,24.50998,-81.5692,1464,Colpophyllia,natans,CN0,75.97,0,NA,-75.97,-100,1,0,NA,0,NA,NA,NA
2026-06-01,2026-08-31,87,MS_P003,24.50998,-81.5692,1464,Colpophyllia,natans,CN19,91.39,74.36,NA,-17.03,-18.6344238975818,1,1,NA,100,NA,NA,NA
2026-06-01,2026-08-31,87,MS_P003,24.50998,-81.5692,1464,Diploria,labyrinthiformis,DL12,147.22,41.46,NA,-105.76,-71.8380654802337,2,1,NA,50,NA,NA,NA
2026-06-01,2026-08-31,87,MS_P003,24.50998,-81.5692,1464,Diploria,labyrinthiformis,DL15,37.58,11.46,NA,-26.12,-69.5050558807877,1,1,NA,100,NA,NA,NA
2026-06-01,2026-08-31,87,MS_P003,24.50998,-81.5692,1464,Diploria,labyrinthiformis,DL17,84.44,171.86,NA,87.42,103.529133112269,2,3,NA,NA,NA,NA,NA
2026-06-01,2026-08-31,87,MS_P003,24.50998,-81.5692,1464,Diploria,labyrinthiformis,DL233,72,70.47,NA,-1.53,-2.125,1,1,NA,100,NA,NA,NA
2026-06-01,2026-08-31,87,MS_P003,24.50998,-81.5692,1464,Diploria,labyrinthiformis,DL286,121.46,121.55,NA,0.0900000000000034,0.0740984686316511,1,1,NA,100,NA,NA,NA
2026-06-01,2026-08-31,87,MS_P003,24.50998,-81.5692,1464,Diploria,labyrinthiformis,DL9,35.07,32.59,NA,-2.48,-7.07157114342742,1,1,NA,100,NA,NA,NA
2026-06-01,2026-08-31,87,MS_P003,24.50998,-81.5692,1464,Montastraea,cavernosa,MC11,157.4,98.57,NA,-58.83,-37.3761118170267,2,3,NA,NA,NA,NA,NA
2026-06-01,2026-08-31,87,MS_P003,24.50998,-81.5692,1464,Montastraea,cavernosa,MC203,30.08,10.12,NA,-19.96,-66.3563829787234,1,1,NA,100,NA,NA,NA
2026-06-01,2026-08-31,87,MS_P003,24.50998,-81.5692,1464,Montastraea,cavernosa,MC3,481.58,58,NA,-423.58,-87.9563104780099,2,2,NA,100,NA,NA,NA
2026-06-01,2026-08-31,87,MS_P003,24.50998,-81.5692,1464,Montastraea,cavernosa,MC41,54.06,57.01,NA,2.95,5.45689974102849,1,1,NA,100,NA,NA,NA
2026-06-01,2026-08-31,87,MS_P003,24.50998,-81.5692,1464,Montastraea,cavernosa,MC60,69.65,51.84,NA,-17.81,-25.5707106963388,2,2,NA,100,NA,NA,NA
2026-06-01,2026-08-31,87,MS_P003,24.50998,-81.5692,1464,Montastraea,cavernosa,MC61,48.15,35.97,NA,-12.18,-25.2959501557632,1,1,NA,100,NA,NA,NA
2026-06-01,NA,87,MS_P003,24.50998,-81.5692,1464,Montastraea,cavernosa,MC71,40.01,0,NA,-40.01,-100,1,0,NA,0,NA,NA,NA
2026-06-01,2026-08-31,87,MS_P003,24.50998,-81.5692,1464,Orbicella,annularis,OA12,24.7,5.21,NA,-19.49,-78.9068825910931,1,1,NA,100,NA,NA,NA
2026-06-01,2026-08-31,87,MS_P003,24.50998,-81.5692,1464,Orbicella,annularis,OA9,147.83,170.13,NA,22.3,15.0848948116079,1,1,NA,100,NA,NA,NA
2026-06-01,2026-08-31,87,MS_P003,24.50998,-81.5692,1464,Orbicella,faveolata,OF1041,79.35,83.88,NA,4.53,5.70888468809074,1,1,NA,100,NA,NA,NA
2026-06-01,2026-08-31,87,MS_P003,24.50998,-81.5692,1464,Orbicella,faveolata,OF1106,56.97,40.2,NA,-16.77,-29.4365455502896,1,1,NA,100,NA,NA,NA
2026-06-01,2026-08-31,87,MS_P003,24.50998,-81.5692,1464,Orbicella,faveolata,OF5,41.21,54.24,NA,13.03,31.6185391895171,1,1,NA,100,NA,NA,NA
2026-06-01,2026-08-31,87,MS_P003,24.50998,-81.5692,1464,Orbicella,faveolata,OF775,25.33,15.57,NA,-9.76,-38.5313857086459,1,1,NA,100,NA,NA,NA
2026-06-01,2026-08-31,87,MS_P003,24.50998,-81.5692,1464,Orbicella,faveolata,OF985,58.8,52.37,NA,-6.43,-10.9353741496599,1,1,NA,100,NA,NA,NA
2026-06-01,2026-08-31,87,MS_P003,24.50998,-81.5692,1464,Orbicella,faveolata,OF987,94.59,92.53,NA,-2.06,-2.17782006554604,1,1,NA,100,NA,NA,NA
2026-06-01,2026-08-31,87,MS_P003,24.50998,-81.5692,1464,Orbicella,faveolata,OF999,277.77,287.46,NA,9.69,3.48849767793498,5,5,NA,100,NA,NA,NA
2026-06-01,NA,87,MS_P003,24.50998,-81.5692,1464,Orbicella,franksi,OK1,15.39,0,NA,-15.39,-100,1,0,NA,0,NA,NA,NA
2026-06-01,NA,87,MS_P003,24.50998,-81.5692,1464,Porites,asteroides,PA114,140.54,0,NA,-140.54,-100,4,0,NA,0,NA,NA,NA
2026-06-01,NA,87,MS_P003,24.50998,-81.5692,1464,Porites,asteroides,PA130,168.88,0,NA,-168.88,-100,4,0,NA,0,NA,NA,NA
2026-06-01,2026-08-31,87,MS_P003,24.50998,-81.5692,1464,Porites,asteroides,PA45,83.73,54.4,NA,-29.33,-35.0292607189777,1,1,NA,100,NA,NA,NA
2026-06-01,2026-08-31,87,MS_P003,24.50998,-81.5692,1464,Porites,asteroides,PA52,70.75,44.92,NA,-25.83,-36.5088339222615,1,1,NA,100,NA,NA,NA
2026-06-01,2026-08-31,87,MS_P003,24.50998,-81.5692,1464,Porites,asteroides,PA60,87.02,90.74,NA,3.72,4.2748793380832,1,1,NA,100,NA,NA,NA
2026-06-01,2026-08-31,87,MS_P003,24.50998,-81.5692,1464,Porites,asteroides,PA72,34.1,36.42,NA,2.32,6.80351906158358,1,1,NA,100,NA,NA,NA
2026-06-01,2026-08-31,87,MS_P003,24.50998,-81.5692,1464,Porites,asteroides,PA73,94.74,82.41,NA,-12.33,-13.0145661811273,1,1,NA,100,NA,NA,NA
2026-06-01,2026-08-31,87,MS_P003,24.50998,-81.5692,1464,Porites,asteroides,PA74,128.68,72.84,NA,-55.84,-43.3944668946223,1,1,NA,100,NA,NA,NA
2026-06-01,2026-08-31,87,MS_P003,24.50998,-81.5692,1464,Porites,asteroides,PA93,34.78,11.5,NA,-23.28,-66.9350201265095,1,1,NA,100,NA,NA,NA
2026-06-01,2026-08-31,87,MS_P003,24.50998,-81.5692,1464,Pseudodiploria,clivosa,PC16,51.8,32.29,NA,-19.51,-37.6640926640927,1,1,NA,100,NA,NA,NA
2026-06-01,2026-08-31,87,MS_P003,24.50998,-81.5692,1464,Pseudodiploria,clivosa,PC19,633.18,360.64,NA,-272.54,-43.0430525285069,5,5,NA,100,NA,NA,NA
2026-06-01,NA,87,MS_P003,24.50998,-81.5692,1464,Pseudodiploria,clivosa,PC3,45.45,0,NA,-45.45,-100,1,0,NA,0,NA,NA,NA
2026-06-01,NA,87,MS_P003,24.50998,-81.5692,1464,Pseudodiploria,clivosa,PC33,244.99,0,NA,-244.99,-100,1,0,NA,0,NA,NA,NA
2026-06-01,2026-08-31,87,MS_P003,24.50998,-81.5692,1464,Pseudodiploria,clivosa,PC34,202.62,149.38,NA,-53.24,-26.2757871878393,1,1,NA,100,NA,NA,NA
2026-06-01,2026-08-31,87,MS_P003,24.50998,-81.5692,1464,Pseudodiploria,clivosa,PC38,304.44,54.2,NA,-250.24,-82.1968203915386,6,2,NA,33.3333333333333,NA,NA,NA
2026-06-01,2026-08-31,87,MS_P003,24.50998,-81.5692,1464,Pseudodiploria,clivosa,PC55,46.28,44.62,NA,-1.66,-3.58686257562663,1,1,NA,100,NA,NA,NA
2026-06-01,2026-08-31,87,MS_P003,24.50998,-81.5692,1464,Pseudodiploria,clivosa,PC57,102.09,76.64,NA,-25.45,-24.9289842296013,1,1,NA,100,NA,NA,NA
2026-06-01,NA,87,MS_P003,24.50998,-81.5692,1464,Porites,divericata,PD0,256.54,0,NA,-256.54,-100,3,0,NA,0,NA,NA,NA
2026-06-01,2026-08-31,87,MS_P003,24.50998,-81.5692,1464,Pseudodiploria,strigosa,PS10,171.72,146.04,NA,-25.68,-14.9545772187282,1,1,NA,100,NA,NA,NA
2026-06-01,2026-08-31,87,MS_P003,24.50998,-81.5692,1464,Pseudodiploria,strigosa,PS17,162.38,141.47,NA,-20.91,-12.877201625816,3,3,NA,100,NA,NA,NA
2026-06-01,2026-08-31,87,MS_P003,24.50998,-81.5692,1464,Pseudodiploria,strigosa,PS20,80.75,49.18,NA,-31.57,-39.0959752321981,1,1,NA,100,NA,NA,NA
2026-06-01,2026-08-31,87,MS_P003,24.50998,-81.5692,1464,Pseudodiploria,strigosa,PS33,196.02,145.63,NA,-50.39,-25.7065605550454,3,3,NA,100,NA,NA,NA
2026-06-01,2026-08-31,87,MS_P003,24.50998,-81.5692,1464,Pseudodiploria,strigosa,PS4,81.61,68.46,NA,-13.15,-16.1132214189437,1,1,NA,100,NA,NA,NA
2026-06-01,2026-08-31,87,MS_P003,24.50998,-81.5692,1464,Pseudodiploria,strigosa,PS49,97.86,39.77,NA,-58.09,-59.3603106478643,2,1,NA,50,NA,NA,NA
2026-06-01,2026-08-31,87,MS_P003,24.50998,-81.5692,1464,Pseudodiploria,strigosa,PS50,65.52,63.43,NA,-2.09,-3.18986568986568,1,1,NA,100,NA,NA,NA
2026-06-01,2026-08-31,87,MS_P003,24.50998,-81.5692,1464,Pseudodiploria,strigosa,PS8,38.9,37.41,NA,-1.49,-3.83033419023137,1,1,NA,100,NA,NA,NA
2026-06-01,NA,87,MS_P003,24.50998,-81.5692,1464,Pseudodiploria,strigosa,PS99,23.84,0,NA,-23.84,-100,1,0,NA,0,NA,NA,NA
2026-06-01,2026-08-31,87,MS_P003,24.50998,-81.5692,1464,Solenastrea,bournoni,SB13,199.13,2.54,NA,-196.59,-98.7244513634309,4,1,NA,25,NA,NA,NA
2026-06-01,2026-08-31,87,MS_P003,24.50998,-81.5692,1464,Stephanocenia,intercepta,SI12,144.45,102.76,NA,-41.69,-28.8611976462444,3,2,NA,66.6666666666667,NA,NA,NA
2026-06-01,2026-08-31,87,MS_P003,24.50998,-81.5692,1464,Stephanocenia,intercepta,SI13,24.79,19.55,NA,-5.24,-21.1375554659137,1,1,NA,100,NA,NA,NA
2026-05-28,NA,87,PS_P001,24.50024,-81.63,1263,Montastraea,cavernosa,MC95,279.12,0,NA,-279.12,-100,4,0,NA,0,NA,NA,NA
2026-05-28,NA,87,PS_P001,24.50024,-81.63,1263,Orbicella,franksi,OK5,136.61,0,NA,-136.61,-100,2,0,NA,0,NA,NA,NA
2026-05-28,NA,87,PS_P001,24.50024,-81.63,1263,Porites,asteroides,PA495,85.35,0,NA,-85.35,-100,1,0,NA,0,NA,NA,NA
2026-05-28,NA,87,PS_P001,24.50024,-81.63,1263,Solenastrea,bournoni,SB2,98.99,0,NA,-98.99,-100,1,0,NA,0,NA,NA,NA
2026-05-28,NA,87,PS_P001,24.50024,-81.63,1263,Solenastrea,hyades,SH137,495.08,0,NA,-495.08,-100,4,0,NA,0,NA,NA,NA
2026-05-28,NA,87,PS_P001,24.50024,-81.63,1263,Solenastrea,hyades,SH138,788.09,0,NA,-788.09,-100,5,0,NA,0,NA,NA,NA
2026-05-28,NA,87,PS_P001,24.50024,-81.63,1263,Solenastrea,hyades,SH139,113.11,0,NA,-113.11,-100,1,0,NA,0,NA,NA,NA
2026-05-28,NA,87,PS_P001,24.50024,-81.63,1263,Stephanocenia,intercepta,SI0,392.07,0,NA,-392.07,-100,8,0,NA,0,NA,NA,NA
2026-05-28,NA,87,PS_P001,24.50024,-81.63,1263,Stephanocenia,intercepta,SI140,18.46,0,NA,-18.46,-100,1,0,NA,0,NA,NA,NA
2026-05-28,NA,87,PS_P001,24.50024,-81.63,1263,Stephanocenia,intercepta,SI268,179.28,0,NA,-179.28,-100,1,0,NA,0,NA,NA,NA
2026-05-28,NA,87,PS_P001,24.50024,-81.63,1263,Stephanocenia,intercepta,SI272,121.71,0,NA,-121.71,-100,1,0,NA,0,NA,NA,NA
2026-05-28,NA,87,PS_P001,24.50024,-81.63,1263,Stephanocenia,intercepta,SI277,119.15,0,NA,-119.15,-100,1,0,NA,0,NA,NA,NA
2026-05-28,NA,87,PS_P001,24.50024,-81.63,1263,Siderastrea,radians,SR0,24.29,0,NA,-24.29,-100,1,0,NA,0,NA,NA,NA
2026-05-28,NA,87,PS_P001,24.50024,-81.63,1263,Siderastrea,radians,SR229,43.25,0,NA,-43.25,-100,1,0,NA,0,NA,NA,NA
2026-05-28,NA,87,PS_P001,24.50024,-81.63,1263,Siderastrea,radians,SR240,41.14,0,NA,-41.14,-100,1,0,NA,0,NA,NA,NA
2026-05-28,NA,87,PS_P001,24.50024,-81.63,1263,Siderastrea,radians,SR250,43.19,0,NA,-43.19,-100,1,0,NA,0,NA,NA,NA
2026-05-28,NA,87,PS_P001,24.50024,-81.63,1263,Siderastrea,siderea,SS0,931.55,0,NA,-931.55,-100,22,0,NA,0,NA,NA,NA
2026-05-28,NA,87,PS_P001,24.50024,-81.63,1263,Siderastrea,siderea,SS121,156.8,0,NA,-156.8,-100,4,0,NA,0,NA,NA,NA
2026-05-28,NA,87,PS_P001,24.50024,-81.63,1263,Siderastrea,siderea,SS145,28.93,0,NA,-28.93,-100,1,0,NA,0,NA,NA,NA
2026-05-28,NA,87,PS_P001,24.50024,-81.63,1263,Siderastrea,siderea,SS150,43.59,0,NA,-43.59,-100,1,0,NA,0,NA,NA,NA
2026-05-28,NA,87,PS_P001,24.50024,-81.63,1263,Siderastrea,siderea,SS158,53.2,0,NA,-53.2,-100,1,0,NA,0,NA,NA,NA
2026-05-28,NA,87,PS_P001,24.50024,-81.63,1263,Siderastrea,siderea,SS163,80.24,0,NA,-80.24,-100,1,0,NA,0,NA,NA,NA
2026-05-28,NA,87,PS_P001,24.50024,-81.63,1263,Siderastrea,siderea,SS23,38.02,0,NA,-38.02,-100,1,0,NA,0,NA,NA,NA
2026-05-28,NA,87,PS_P001,24.50024,-81.63,1263,Siderastrea,siderea,SS235,56.06,0,NA,-56.06,-100,1,0,NA,0,NA,NA,NA
2026-05-28,NA,87,PS_P001,24.50024,-81.63,1263,Siderastrea,siderea,SS237,92.01,0,NA,-92.01,-100,1,0,NA,0,NA,NA,NA
2026-05-28,NA,87,PS_P001,24.50024,-81.63,1263,Siderastrea,siderea,SS238,35.96,0,NA,-35.96,-100,1,0,NA,0,NA,NA,NA
2026-05-28,NA,87,PS_P001,24.50024,-81.63,1263,Siderastrea,siderea,SS242,70.15,0,NA,-70.15,-100,1,0,NA,0,NA,NA,NA
2026-05-28,NA,87,PS_P001,24.50024,-81.63,1263,Siderastrea,siderea,SS252,17.52,0,NA,-17.52,-100,1,0,NA,0,NA,NA,NA
2026-05-28,NA,87,PS_P001,24.50024,-81.63,1263,Siderastrea,siderea,SS33,38.13,0,NA,-38.13,-100,1,0,NA,0,NA,NA,NA
2026-05-28,NA,87,PS_P001,24.50024,-81.63,1263,Siderastrea,siderea,SS338,51.07,0,NA,-51.07,-100,1,0,NA,0,NA,NA,NA
2026-05-28,NA,87,PS_P001,24.50024,-81.63,1263,Siderastrea,siderea,SS353,53.07,0,NA,-53.07,-100,1,0,NA,0,NA,NA,NA
2026-05-28,NA,87,PS_P001,24.50024,-81.63,1263,Siderastrea,siderea,SS383,112.8,0,NA,-112.8,-100,2,0,NA,0,NA,NA,NA
2026-05-28,NA,87,PS_P001,24.50024,-81.63,1263,Siderastrea,siderea,SS385,24.37,0,NA,-24.37,-100,1,0,NA,0,NA,NA,NA
2026-05-28,NA,87,PS_P001,24.50024,-81.63,1263,Siderastrea,siderea,SS403,52.24,0,NA,-52.24,-100,1,0,NA,0,NA,NA,NA
2026-05-28,NA,87,PS_P001,24.50024,-81.63,1263,Siderastrea,siderea,SS412,41.12,0,NA,-41.12,-100,1,0,NA,0,NA,NA,NA
2026-05-28,NA,87,PS_P001,24.50024,-81.63,1263,Siderastrea,siderea,SS433,33.78,0,NA,-33.78,-100,1,0,NA,0,NA,NA,NA
2026-05-28,NA,87,PS_P001,24.50024,-81.63,1263,Siderastrea,siderea,SS462,33.75,0,NA,-33.75,-100,1,0,NA,0,NA,NA,NA
2026-05-28,NA,87,PS_P001,24.50024,-81.63,1263,Siderastrea,siderea,SS466,61.57,0,NA,-61.57,-100,1,0,NA,0,NA,NA,NA
2026-05-28,NA,87,PS_P001,24.50024,-81.63,1263,Siderastrea,siderea,SS726,141.62,0,NA,-141.62,-100,1,0,NA,0,NA,NA,NA
2026-05-28,NA,87,PS_P001,24.50024,-81.63,1263,Siderastrea,siderea,SS727,74.51,0,NA,-74.51,-100,1,0,NA,0,NA,NA,NA
2026-05-28,NA,87,PS_P001,24.50024,-81.63,1263,Siderastrea,siderea,SS731,103.07,0,NA,-103.07,-100,1,0,NA,0,NA,NA,NA
2026-05-28,NA,87,PS_P001,24.50024,-81.63,1263,Siderastrea,siderea,SS84,107.56,0,NA,-107.56,-100,2,0,NA,0,NA,NA,NA
2026-05-28,NA,87,PS_P001,24.50024,-81.63,1263,Siderastrea,siderea,SS95,153.7,0,NA,-153.7,-100,2,0,NA,0,NA,NA,NA
2026-05-29,NA,NA,PS_P002,24.50031,-81.62985,1502,Colpophyllia,natans,CN10,50.38,0,NA,-50.38,-100,1,0,NA,0,NA,NA,NA
2026-05-29,NA,NA,PS_P002,24.50031,-81.62985,1502,Diploria,labyrinthiformis,DL257,20.13,0,NA,-20.13,-100,1,0,NA,0,NA,NA,NA
2026-05-29,NA,NA,PS_P002,24.50031,-81.62985,1502,Diploria,labyrinthiformis,DL3,29,0,NA,-29,-100,1,0,NA,0,NA,NA,NA
2026-05-29,NA,NA,PS_P002,24.50031,-81.62985,1502,Diploria,labyrinthiformis,DL4,102.88,0,NA,-102.88,-100,1,0,NA,0,NA,NA,NA
2026-05-29,NA,NA,PS_P002,24.50031,-81.62985,1502,Dichocoenia,stokesi,DS6,40.42,0,NA,-40.42,-100,1,0,NA,0,NA,NA,NA
2026-05-29,NA,NA,PS_P002,24.50031,-81.62985,1502,Montastraea,cavernosa,MC13,48.65,0,NA,-48.65,-100,1,0,NA,0,NA,NA,NA
2026-05-29,NA,NA,PS_P002,24.50031,-81.62985,1502,Montastraea,cavernosa,MC33,66.27,0,NA,-66.27,-100,1,0,NA,0,NA,NA,NA
2026-05-29,NA,NA,PS_P002,24.50031,-81.62985,1502,Orbicella,annularis,OA9,272.86,0,NA,-272.86,-100,2,0,NA,0,NA,NA,NA
2026-05-29,NA,NA,PS_P002,24.50031,-81.62985,1502,Orbicella,faveolata,OF1035,51.47,0,NA,-51.47,-100,1,0,NA,0,NA,NA,NA
2026-05-29,NA,NA,PS_P002,24.50031,-81.62985,1502,Orbicella,faveolata,OF1043,278.11,0,NA,-278.11,-100,3,0,NA,0,NA,NA,NA
2026-05-29,NA,NA,PS_P002,24.50031,-81.62985,1502,Orbicella,faveolata,OF1095,63.59,0,NA,-63.59,-100,1,0,NA,0,NA,NA,NA
2026-05-29,NA,NA,PS_P002,24.50031,-81.62985,1502,Orbicella,faveolata,OF1104,56.07,0,NA,-56.07,-100,1,0,NA,0,NA,NA,NA
2026-05-29,NA,NA,PS_P002,24.50031,-81.62985,1502,Orbicella,faveolata,OF1105,30.56,0,NA,-30.56,-100,1,0,NA,0,NA,NA,NA
2026-05-29,NA,NA,PS_P002,24.50031,-81.62985,1502,Orbicella,faveolata,OF671,133.32,0,NA,-133.32,-100,1,0,NA,0,NA,NA,NA
2026-05-29,NA,NA,PS_P002,24.50031,-81.62985,1502,Orbicella,faveolata,OF677,77.85,0,NA,-77.85,-100,1,0,NA,0,NA,NA,NA
2026-05-29,NA,NA,PS_P002,24.50031,-81.62985,1502,Orbicella,faveolata,OF697,200.77,0,NA,-200.77,-100,1,0,NA,0,NA,NA,NA
2026-05-29,NA,NA,PS_P002,24.50031,-81.62985,1502,Orbicella,faveolata,OF701,42.25,0,NA,-42.25,-100,1,0,NA,0,NA,NA,NA
2026-05-29,NA,NA,PS_P002,24.50031,-81.62985,1502,Orbicella,faveolata,OF773,149.92,0,NA,-149.92,-100,2,0,NA,0,NA,NA,NA
2026-05-29,NA,NA,PS_P002,24.50031,-81.62985,1502,Orbicella,faveolata,OF775,277.42,0,NA,-277.42,-100,2,0,NA,0,NA,NA,NA
2026-05-29,NA,NA,PS_P002,24.50031,-81.62985,1502,Orbicella,faveolata,OF976,86.09,0,NA,-86.09,-100,1,0,NA,0,NA,NA,NA
2026-05-29,NA,NA,PS_P002,24.50031,-81.62985,1502,Orbicella,faveolata,OF980,53.53,0,NA,-53.53,-100,1,0,NA,0,NA,NA,NA
2026-05-29,NA,NA,PS_P002,24.50031,-81.62985,1502,Orbicella,faveolata,OF993,97.1,0,NA,-97.1,-100,1,0,NA,0,NA,NA,NA
2026-05-29,NA,NA,PS_P002,24.50031,-81.62985,1502,Orbicella,faveolata,OF999,151.66,0,NA,-151.66,-100,3,0,NA,0,NA,NA,NA
2026-05-29,NA,NA,PS_P002,24.50031,-81.62985,1502,Orbicella,franksi,OK1,283,0,NA,-283,-100,2,0,NA,0,NA,NA,NA
2026-05-29,NA,NA,PS_P002,24.50031,-81.62985,1502,Porites,asteroides,PA100,123.22,0,NA,-123.22,-100,1,0,NA,0,NA,NA,NA
2026-05-29,NA,NA,PS_P002,24.50031,-81.62985,1502,Porites,asteroides,PA101,49.62,0,NA,-49.62,-100,1,0,NA,0,NA,NA,NA
2026-05-29,NA,NA,PS_P002,24.50031,-81.62985,1502,Porites,asteroides,PA112,56.92,0,NA,-56.92,-100,1,0,NA,0,NA,NA,NA
2026-05-29,NA,NA,PS_P002,24.50031,-81.62985,1502,Porites,asteroides,PA114,29,0,NA,-29,-100,1,0,NA,0,NA,NA,NA
2026-05-29,NA,NA,PS_P002,24.50031,-81.62985,1502,Porites,asteroides,PA129,239.06,0,NA,-239.06,-100,3,0,NA,0,NA,NA,NA
2026-05-29,NA,NA,PS_P002,24.50031,-81.62985,1502,Porites,asteroides,PA130,508.39,0,NA,-508.39,-100,11,0,NA,0,NA,NA,NA
2026-05-29,NA,NA,PS_P002,24.50031,-81.62985,1502,Porites,asteroides,PA406,89.99,0,NA,-89.99,-100,1,0,NA,0,NA,NA,NA
2026-05-29,NA,NA,PS_P002,24.50031,-81.62985,1502,Porites,asteroides,PA50,57.8,0,NA,-57.8,-100,2,0,NA,0,NA,NA,NA
2026-05-29,NA,NA,PS_P002,24.50031,-81.62985,1502,Porites,asteroides,PA55,49.1,0,NA,-49.1,-100,1,0,NA,0,NA,NA,NA
2026-05-29,NA,NA,PS_P002,24.50031,-81.62985,1502,Porites,asteroides,PA90,71.92,0,NA,-71.92,-100,1,0,NA,0,NA,NA,NA
2026-05-29,NA,NA,PS_P002,24.50031,-81.62985,1502,Porites,asteroides,PA92,115.17,0,NA,-115.17,-100,1,0,NA,0,NA,NA,NA
2026-05-29,NA,NA,PS_P002,24.50031,-81.62985,1502,Porites,asteroides,PA93,90.17,0,NA,-90.17,-100,1,0,NA,0,NA,NA,NA
2026-05-29,NA,NA,PS_P002,24.50031,-81.62985,1502,Pseudodiploria,clivosa,PC15,56.49,0,NA,-56.49,-100,1,0,NA,0,NA,NA,NA
2026-05-29,NA,NA,PS_P002,24.50031,-81.62985,1502,Pseudodiploria,clivosa,PC19,362.33,0,NA,-362.33,-100,3,0,NA,0,NA,NA,NA
2026-05-29,NA,NA,PS_P002,24.50031,-81.62985,1502,Pseudodiploria,clivosa,PC33,198.43,0,NA,-198.43,-100,2,0,NA,0,NA,NA,NA
2026-05-29,NA,NA,PS_P002,24.50031,-81.62985,1502,Pseudodiploria,clivosa,PC38,282.81,0,NA,-282.81,-100,3,0,NA,0,NA,NA,NA
2026-05-29,NA,NA,PS_P002,24.50031,-81.62985,1502,Pseudodiploria,clivosa,PC41,66.97,0,NA,-66.97,-100,1,0,NA,0,NA,NA,NA
2026-05-29,NA,NA,PS_P002,24.50031,-81.62985,1502,Pseudodiploria,strigosa,PS11,38.13,0,NA,-38.13,-100,1,0,NA,0,NA,NA,NA
2026-05-29,NA,NA,PS_P002,24.50031,-81.62985,1502,Pseudodiploria,strigosa,PS17,295.91,0,NA,-295.91,-100,4,0,NA,0,NA,NA,NA
2026-05-29,NA,NA,PS_P002,24.50031,-81.62985,1502,Pseudodiploria,strigosa,PS20,74.09,0,NA,-74.09,-100,1,0,NA,0,NA,NA,NA
2026-05-29,NA,NA,PS_P002,24.50031,-81.62985,1502,Pseudodiploria,strigosa,PS25,129.3,0,NA,-129.3,-100,2,0,NA,0,NA,NA,NA
2026-05-29,NA,NA,PS_P002,24.50031,-81.62985,1502,Pseudodiploria,strigosa,PS26,118.77,0,NA,-118.77,-100,1,0,NA,0,NA,NA,NA
2026-05-29,NA,NA,PS_P002,24.50031,-81.62985,1502,Pseudodiploria,strigosa,PS32,129.06,0,NA,-129.06,-100,2,0,NA,0,NA,NA,NA
2026-05-29,NA,NA,PS_P002,24.50031,-81.62985,1502,Pseudodiploria,strigosa,PS35,48.95,0,NA,-48.95,-100,1,0,NA,0,NA,NA,NA
2026-05-29,NA,NA,PS_P002,24.50031,-81.62985,1502,Pseudodiploria,strigosa,PS44,20.53,0,NA,-20.53,-100,1,0,NA,0,NA,NA,NA
2026-05-29,NA,NA,PS_P002,24.50031,-81.62985,1502,Pseudodiploria,strigosa,PS5,183.13,0,NA,-183.13,-100,2,0,NA,0,NA,NA,NA
2026-05-29,NA,NA,PS_P002,24.50031,-81.62985,1502,Pseudodiploria,strigosa,PS50,49.91,0,NA,-49.91,-100,1,0,NA,0,NA,NA,NA
2026-05-29,NA,NA,PS_P002,24.50031,-81.62985,1502,Pseudodiploria,strigosa,PS6,32.03,0,NA,-32.03,-100,1,0,NA,0,NA,NA,NA
2026-05-29,NA,NA,PS_P002,24.50031,-81.62985,1502,Pseudodiploria,strigosa,PS9,45.62,0,NA,-45.62,-100,1,0,NA,0,NA,NA,NA
2026-05-29,NA,NA,PS_P002,24.50031,-81.62985,1502,Solenastrea,hyades,SH119,63.36,0,NA,-63.36,-100,1,0,NA,0,NA,NA,NA
2026-05-29,NA,NA,PS_P002,24.50031,-81.62985,1502,Stephanocenia,intercepta,SI7,67.92,0,NA,-67.92,-100,1,0,NA,0,NA,NA,NA
2026-05-30,NA,NA,PS_P003,24.50034,-81.63003,1500,Colpophyllia,natans,CN3,103.72,0,NA,-103.72,-100,1,0,NA,0,NA,NA,NA
2026-05-30,NA,NA,PS_P003,24.50034,-81.63003,1500,Colpophyllia,natans,CN31,105.52,0,NA,-105.52,-100,1,0,NA,0,NA,NA,NA
2026-05-30,NA,NA,PS_P003,24.50034,-81.63003,1500,Colpophyllia,natans,CN46,113.04,0,NA,-113.04,-100,1,0,NA,0,NA,NA,NA
2026-05-30,NA,NA,PS_P003,24.50034,-81.63003,1500,Colpophyllia,natans,CN7,103.97,0,NA,-103.97,-100,1,0,NA,0,NA,NA,NA
2026-05-30,NA,NA,PS_P003,24.50034,-81.63003,1500,Colpophyllia,natans,CN9,217.02,0,NA,-217.02,-100,3,0,NA,0,NA,NA,NA
2026-05-30,NA,NA,PS_P003,24.50034,-81.63003,1500,Diploria,labyrinthiformis,DL166,30.85,0,NA,-30.85,-100,1,0,NA,0,NA,NA,NA
2026-05-30,NA,NA,PS_P003,24.50034,-81.63003,1500,Diploria,labyrinthiformis,DL286,50.27,0,NA,-50.27,-100,1,0,NA,0,NA,NA,NA
2026-05-30,NA,NA,PS_P003,24.50034,-81.63003,1500,Montastraea,cavernosa,MC94,142.35,0,NA,-142.35,-100,2,0,NA,0,NA,NA,NA
2026-05-30,NA,NA,PS_P003,24.50034,-81.63003,1500,Orbicella,annularis,OA9,207.35,0,NA,-207.35,-100,3,0,NA,0,NA,NA,NA
2026-05-30,NA,NA,PS_P003,24.50034,-81.63003,1500,Orbicella,faveolata,OF1,84.55,0,NA,-84.55,-100,2,0,NA,0,NA,NA,NA
2026-05-30,NA,NA,PS_P003,24.50034,-81.63003,1500,Orbicella,faveolata,OF1002,35.15,0,NA,-35.15,-100,1,0,NA,0,NA,NA,NA
2026-05-30,NA,NA,PS_P003,24.50034,-81.63003,1500,Orbicella,faveolata,OF1097,28.38,0,NA,-28.38,-100,1,0,NA,0,NA,NA,NA
2026-05-30,NA,NA,PS_P003,24.50034,-81.63003,1500,Orbicella,faveolata,OF180,43.23,0,NA,-43.23,-100,1,0,NA,0,NA,NA,NA
2026-05-30,NA,NA,PS_P003,24.50034,-81.63003,1500,Orbicella,faveolata,OF3,141.28,0,NA,-141.28,-100,2,0,NA,0,NA,NA,NA
2026-05-30,NA,NA,PS_P003,24.50034,-81.63003,1500,Orbicella,faveolata,OF328,492.5,0,NA,-492.5,-100,5,0,NA,0,NA,NA,NA
2026-05-30,NA,NA,PS_P003,24.50034,-81.63003,1500,Orbicella,faveolata,OF697,185.96,0,NA,-185.96,-100,2,0,NA,0,NA,NA,NA
2026-05-30,NA,NA,PS_P003,24.50034,-81.63003,1500,Orbicella,faveolata,OF775,143.82,0,NA,-143.82,-100,3,0,NA,0,NA,NA,NA
2026-05-30,NA,NA,PS_P003,24.50034,-81.63003,1500,Orbicella,faveolata,OF994,34.33,0,NA,-34.33,-100,1,0,NA,0,NA,NA,NA
2026-05-30,NA,NA,PS_P003,24.50034,-81.63003,1500,Orbicella,franksi,OK1,200.43,0,NA,-200.43,-100,3,0,NA,0,NA,NA,NA
2026-05-30,NA,NA,PS_P003,24.50034,-81.63003,1500,Porites,asteroides,PA0,76.46,0,NA,-76.46,-100,1,0,NA,0,NA,NA,NA
2026-05-30,NA,NA,PS_P003,24.50034,-81.63003,1500,Porites,asteroides,PA107,15.56,0,NA,-15.56,-100,1,0,NA,0,NA,NA,NA
2026-05-30,NA,NA,PS_P003,24.50034,-81.63003,1500,Porites,asteroides,PA113,292.2,0,NA,-292.2,-100,9,0,NA,0,NA,NA,NA
2026-05-30,NA,NA,PS_P003,24.50034,-81.63003,1500,Porites,asteroides,PA129,77.84,0,NA,-77.84,-100,2,0,NA,0,NA,NA,NA
2026-05-30,NA,NA,PS_P003,24.50034,-81.63003,1500,Porites,asteroides,PA25,78.86,0,NA,-78.86,-100,1,0,NA,0,NA,NA,NA
2026-05-30,NA,NA,PS_P003,24.50034,-81.63003,1500,Porites,asteroides,PA35,131.39,0,NA,-131.39,-100,3,0,NA,0,NA,NA,NA
2026-05-30,NA,NA,PS_P003,24.50034,-81.63003,1500,Porites,asteroides,PA47,35.44,0,NA,-35.44,-100,1,0,NA,0,NA,NA,NA
2026-05-30,NA,NA,PS_P003,24.50034,-81.63003,1500,Porites,asteroides,PA51,155.04,0,NA,-155.04,-100,3,0,NA,0,NA,NA,NA
2026-05-30,NA,NA,PS_P003,24.50034,-81.63003,1500,Porites,asteroides,PA62,38,0,NA,-38,-100,1,0,NA,0,NA,NA,NA
2026-05-30,NA,NA,PS_P003,24.50034,-81.63003,1500,Porites,asteroides,PA86,41.85,0,NA,-41.85,-100,1,0,NA,0,NA,NA,NA
2026-05-30,NA,NA,PS_P003,24.50034,-81.63003,1500,Porites,asteroides,PA89,167.57,0,NA,-167.57,-100,3,0,NA,0,NA,NA,NA
2026-05-30,NA,NA,PS_P003,24.50034,-81.63003,1500,Pseudodiploria,clivosa,PC28,1018.01,0,NA,-1018.01,-100,7,0,NA,0,NA,NA,NA
2026-05-30,NA,NA,PS_P003,24.50034,-81.63003,1500,Pseudodiploria,clivosa,PC31,395.14,0,NA,-395.14,-100,4,0,NA,0,NA,NA,NA
2026-05-30,NA,NA,PS_P003,24.50034,-81.63003,1500,Pseudodiploria,clivosa,PC54,553.61,0,NA,-553.61,-100,6,0,NA,0,NA,NA,NA
2026-05-30,NA,NA,PS_P003,24.50034,-81.63003,1500,Pseudodiploria,clivosa,PC61,193.61,0,NA,-193.61,-100,1,0,NA,0,NA,NA,NA
2026-05-30,NA,NA,PS_P003,24.50034,-81.63003,1500,Pseudodiploria,strigosa,PS10,41.94,0,NA,-41.94,-100,1,0,NA,0,NA,NA,NA
2026-05-30,NA,NA,PS_P003,24.50034,-81.63003,1500,Pseudodiploria,strigosa,PS11,45.74,0,NA,-45.74,-100,1,0,NA,0,NA,NA,NA
2026-05-30,NA,NA,PS_P003,24.50034,-81.63003,1500,Pseudodiploria,strigosa,PS15,41.23,0,NA,-41.23,-100,1,0,NA,0,NA,NA,NA
2026-05-30,NA,NA,PS_P003,24.50034,-81.63003,1500,Pseudodiploria,strigosa,PS37,92.68,0,NA,-92.68,-100,1,0,NA,0,NA,NA,NA
2026-05-30,NA,NA,PS_P003,24.50034,-81.63003,1500,Solenastrea,hyades,SH120,16.44,0,NA,-16.44,-100,1,0,NA,0,NA,NA,NA
2026-05-30,NA,NA,PS_P003,24.50034,-81.63003,1500,Stephanocenia,intercepta,SI0,586.44,0,NA,-586.44,-100,12,0,NA,0,NA,NA,NA
2026-05-30,NA,NA,PS_P003,24.50034,-81.63003,1500,Stephanocenia,intercepta,SI13,171.11,0,NA,-171.11,-100,2,0,NA,0,NA,NA,NA
2026-04-18,NA,81,WS_P001,24.482009,-81.705105,1000,Porites,asteroides,PA0,50.61,0,NA,-50.61,-100,1,0,NA,0,NA,NA,NA
2026-04-18,NA,81,WS_P001,24.482009,-81.705105,1000,Porites,asteroides,PA104,165.18,0,NA,-165.18,-100,3,0,NA,0,NA,NA,NA
2026-04-18,NA,81,WS_P001,24.482009,-81.705105,1000,Porites,asteroides,PA106,85.14,0,NA,-85.14,-100,2,0,NA,0,NA,NA,NA
2026-04-18,NA,81,WS_P001,24.482009,-81.705105,1000,Porites,asteroides,PA113,26.84,0,NA,-26.84,-100,1,0,NA,0,NA,NA,NA
2026-04-18,NA,81,WS_P001,24.482009,-81.705105,1000,Porites,asteroides,PA26,115.8,0,NA,-115.8,-100,2,0,NA,0,NA,NA,NA
2026-04-18,NA,81,WS_P001,24.482009,-81.705105,1000,Porites,asteroides,PA47,35.5,0,NA,-35.5,-100,1,0,NA,0,NA,NA,NA
2026-04-18,NA,81,WS_P001,24.482009,-81.705105,1000,Porites,asteroides,PA55,148.05,0,NA,-148.05,-100,4,0,NA,0,NA,NA,NA
2026-04-18,NA,81,WS_P001,24.482009,-81.705105,1000,Porites,asteroides,PA56,97.31,0,NA,-97.31,-100,2,0,NA,0,NA,NA,NA
2026-04-18,NA,81,WS_P001,24.482009,-81.705105,1000,Porites,asteroides,PA72,152.19,0,NA,-152.19,-100,2,0,NA,0,NA,NA,NA
2026-04-18,NA,81,WS_P001,24.482009,-81.705105,1000,Porites,asteroides,PA90,110.58,0,NA,-110.58,-100,2,0,NA,0,NA,NA,NA
2026-04-18,NA,81,WS_P001,24.482009,-81.705105,1000,Porites,asteroides,PA91,151.14,0,NA,-151.14,-100,3,0,NA,0,NA,NA,NA
2026-04-18,NA,81,WS_P001,24.482009,-81.705105,1000,Porites,asteroides,PA93,44.97,0,NA,-44.97,-100,1,0,NA,0,NA,NA,NA
2026-04-18,NA,81,WS_P001,24.482009,-81.705105,1000,Porites,furcata,PF1,67.61,0,NA,-67.61,-100,1,0,NA,0,NA,NA,NA
2026-04-18,NA,81,WS_P001,24.482009,-81.705105,1000,Solenastrea,hyades,SH119,141.04,0,NA,-141.04,-100,2,0,NA,0,NA,NA,NA
2026-04-18,NA,81,WS_P001,24.482009,-81.705105,1000,Stephanocenia,intercepta,SI0,243.66,0,NA,-243.66,-100,4,0,NA,0,NA,NA,NA
2026-04-18,NA,81,WS_P001,24.482009,-81.705105,1000,Stephanocenia,intercepta,SI13,349.15,0,NA,-349.15,-100,6,0,NA,0,NA,NA,NA
2026-04-18,NA,81,WS_P001,24.482009,-81.705105,1000,Stephanocenia,intercepta,SI18,282.56,0,NA,-282.56,-100,4,0,NA,0,NA,NA,NA
2026-04-18,NA,81,WS_P001,24.482009,-81.705105,1000,Stephanocenia,intercepta,SI72,95.36,0,NA,-95.36,-100,2,0,NA,0,NA,NA,NA
2026-04-18,NA,81,WS_P001,24.482009,-81.705105,1000,Stephanocenia,intercepta,SI76,116.88,0,NA,-116.88,-100,3,0,NA,0,NA,NA,NA
2026-04-18,NA,81,WS_P001,24.482009,-81.705105,1000,Stephanocenia,intercepta,SI80,87.22,0,NA,-87.22,-100,2,0,NA,0,NA,NA,NA
2026-04-18,NA,81,WS_P001,24.482009,-81.705105,1000,Siderastrea,radians,SR21,494.28,0,NA,-494.28,-100,12,0,NA,0,NA,NA,NA
2026-04-18,NA,81,WS_P001,24.482009,-81.705105,1000,Siderastrea,siderea,SS0,133.62,0,NA,-133.62,-100,2,0,NA,0,NA,NA,NA
2026-04-18,NA,81,WS_P001,24.482009,-81.705105,1000,Siderastrea,siderea,SS100,154.86,0,NA,-154.86,-100,2,0,NA,0,NA,NA,NA
2026-04-18,NA,81,WS_P001,24.482009,-81.705105,1000,Siderastrea,siderea,SS160,319.67,0,NA,-319.67,-100,5,0,NA,0,NA,NA,NA
2026-04-18,NA,81,WS_P001,24.482009,-81.705105,1000,Siderastrea,siderea,SS463,54.49,0,NA,-54.49,-100,2,0,NA,0,NA,NA,NA
2026-04-18,NA,81,WS_P001,24.482009,-81.705105,1000,Siderastrea,siderea,SS468,204.15,0,NA,-204.15,-100,4,0,NA,0,NA,NA,NA
2026-04-18,NA,81,WS_P001,24.482009,-81.705105,1000,Siderastrea,siderea,SS469,118.9,0,NA,-118.9,-100,2,0,NA,0,NA,NA,NA
2026-04-18,NA,81,WS_P001,24.482009,-81.705105,1000,Siderastrea,siderea,SS87,373.64,0,NA,-373.64,-100,6,0,NA,0,NA,NA,NA
2026-04-18,NA,81,WS_P001,24.482009,-81.705105,1000,Siderastrea,siderea,SS95,443.88,0,NA,-443.88,-100,9,0,NA,0,NA,NA,NA
2026-04-18,NA,81,WS_P001,24.482009,-81.705105,1000,Siderastrea,siderea,SS99,65.89,0,NA,-65.89,-100,2,0,NA,0,NA,NA,NA
2026-04-18,NA,81,WS_P001,24.482009,-81.705105,1000,Siderastrea,siderea,SSUK,50.34,0,NA,-50.34,-100,1,0,NA,0,NA,NA,NA
2026-04-28,NA,82.9,WS_P002,24.481956,-81.705223,1621,Porites,asteroides,PA58,37.06,0,NA,-37.06,-100,1,0,NA,0,NA,NA,NA
2026-04-28,NA,82.9,WS_P002,24.481956,-81.705223,1621,Porites,asteroides,PA89,162.02,0,NA,-162.02,-100,4,0,NA,0,NA,NA,NA
2026-04-28,NA,82.9,WS_P002,24.481956,-81.705223,1621,Solenastrea,bournoni,SB0,2526.17,0,NA,-2526.17,-100,47,0,NA,0,NA,NA,NA
2026-04-28,NA,82.9,WS_P002,24.481956,-81.705223,1621,Solenastrea,bournoni,SB1,159.13,0,NA,-159.13,-100,3,0,NA,0,NA,NA,NA
2026-04-28,NA,82.9,WS_P002,24.481956,-81.705223,1621,Solenastrea,bournoni,SB3,137.17,0,NA,-137.17,-100,2,0,NA,0,NA,NA,NA
2026-04-28,NA,82.9,WS_P002,24.481956,-81.705223,1621,Solenastrea,hyades,SH120,2276.95,0,NA,-2276.95,-100,27,0,NA,0,NA,NA,NA
2026-04-28,NA,82.9,WS_P002,24.481956,-81.705223,1621,Stephanocenia,intercepta,SI0,355.52,0,NA,-355.52,-100,5,0,NA,0,NA,NA,NA
2026-04-28,NA,82.9,WS_P002,24.481956,-81.705223,1621,Stephanocenia,intercepta,SI19,232.42,0,NA,-232.42,-100,4,0,NA,0,NA,NA,NA
2026-04-28,NA,82.9,WS_P002,24.481956,-81.705223,1621,Stephanocenia,intercepta,SI80,166.38,0,NA,-166.38,-100,3,0,NA,0,NA,NA,NA
2026-04-28,NA,82.9,WS_P002,24.481956,-81.705223,1621,Siderastrea,siderea,SS0,1180.55,0,NA,-1180.55,-100,19,0,NA,0,NA,NA,NA
2026-04-28,NA,82.9,WS_P002,24.481956,-81.705223,1621,Siderastrea,siderea,SS128,222.41,0,NA,-222.41,-100,3,0,NA,0,NA,NA,NA
2026-04-28,NA,82.9,WS_P002,24.481956,-81.705223,1621,Siderastrea,siderea,SS166,65.98,0,NA,-65.98,-100,1,0,NA,0,NA,NA,NA
2026-04-28,NA,82.9,WS_P002,24.481956,-81.705223,1621,Siderastrea,siderea,SS352,124.45,0,NA,-124.45,-100,3,0,NA,0,NA,NA,NA
2026-04-28,NA,82.9,WS_P002,24.481956,-81.705223,1621,Siderastrea,siderea,SS359,182.83,0,NA,-182.83,-100,4,0,NA,0,NA,NA,NA
2026-04-28,NA,82.9,WS_P002,24.481956,-81.705223,1621,Siderastrea,siderea,SS462,75.63,0,NA,-75.63,-100,1,0,NA,0,NA,NA,NA
2026-04-28,NA,82.9,WS_P002,24.481956,-81.705223,1621,Siderastrea,siderea,SS463,57.58,0,NA,-57.58,-100,1,0,NA,0,NA,NA,NA
2026-04-28,NA,82.9,WS_P002,24.481956,-81.705223,1621,Siderastrea,siderea,SS87,136.24,0,NA,-136.24,-100,2,0,NA,0,NA,NA,NA
2026-05-15,NA,84,WS_P003,24.50034,-81.63003,1891,Colpophyllia,natans,CN10,209.38,0,NA,-209.38,-100,2,0,NA,0,NA,NA,NA
2026-05-15,NA,84,WS_P003,24.50034,-81.63003,1891,Colpophyllia,natans,CN12,112.2,0,NA,-112.2,-100,1,0,NA,0,NA,NA,NA
2026-05-15,NA,84,WS_P003,24.50034,-81.63003,1891,Colpophyllia,natans,CN21,73.7,0,NA,-73.7,-100,1,0,NA,0,NA,NA,NA
2026-05-15,NA,84,WS_P003,24.50034,-81.63003,1891,Colpophyllia,natans,CN3,101.74,0,NA,-101.74,-100,1,0,NA,0,NA,NA,NA
2026-05-15,NA,84,WS_P003,24.50034,-81.63003,1891,Colpophyllia,natans,CN30,184.4,0,NA,-184.4,-100,2,0,NA,0,NA,NA,NA
2026-05-15,NA,84,WS_P003,24.50034,-81.63003,1891,Colpophyllia,natans,CN4,137.51,0,NA,-137.51,-100,1,0,NA,0,NA,NA,NA
2026-05-15,NA,84,WS_P003,24.50034,-81.63003,1891,Colpophyllia,natans,CN67,44.21,0,NA,-44.21,-100,1,0,NA,0,NA,NA,NA
2026-05-15,NA,84,WS_P003,24.50034,-81.63003,1891,Colpophyllia,natans,CN7,184.11,0,NA,-184.11,-100,1,0,NA,0,NA,NA,NA
2026-05-15,NA,84,WS_P003,24.50034,-81.63003,1891,Colpophyllia,natans,CN9,196.27,0,NA,-196.27,-100,2,0,NA,0,NA,NA,NA
2026-05-15,NA,84,WS_P003,24.50034,-81.63003,1891,Diploria,labyrinthiformis,DL1,68.56,0,NA,-68.56,-100,1,0,NA,0,NA,NA,NA
2026-05-15,NA,84,WS_P003,24.50034,-81.63003,1891,Diploria,labyrinthiformis,DL181,55.84,0,NA,-55.84,-100,1,0,NA,0,NA,NA,NA
2026-05-15,NA,84,WS_P003,24.50034,-81.63003,1891,Diploria,labyrinthiformis,DL188,68.69,0,NA,-68.69,-100,1,0,NA,0,NA,NA,NA
2026-05-15,NA,84,WS_P003,24.50034,-81.63003,1891,Diploria,labyrinthiformis,DL2,71.94,0,NA,-71.94,-100,1,0,NA,0,NA,NA,NA
2026-05-15,NA,84,WS_P003,24.50034,-81.63003,1891,Diploria,labyrinthiformis,DL20,561.1,0,NA,-561.1,-100,7,0,NA,0,NA,NA,NA
2026-05-15,NA,84,WS_P003,24.50034,-81.63003,1891,Diploria,labyrinthiformis,DL211,113.11,0,NA,-113.11,-100,2,0,NA,0,NA,NA,NA
2026-05-15,NA,84,WS_P003,24.50034,-81.63003,1891,Diploria,labyrinthiformis,DL23,71.04,0,NA,-71.04,-100,1,0,NA,0,NA,NA,NA
2026-05-15,NA,84,WS_P003,24.50034,-81.63003,1891,Diploria,labyrinthiformis,DL257,40.8,0,NA,-40.8,-100,1,0,NA,0,NA,NA,NA
2026-05-15,NA,84,WS_P003,24.50034,-81.63003,1891,Diploria,labyrinthiformis,DL270,105.79,0,NA,-105.79,-100,1,0,NA,0,NA,NA,NA
2026-05-15,NA,84,WS_P003,24.50034,-81.63003,1891,Diploria,labyrinthiformis,DL271,373.67,0,NA,-373.67,-100,4,0,NA,0,NA,NA,NA
2026-05-15,NA,84,WS_P003,24.50034,-81.63003,1891,Diploria,labyrinthiformis,DL3,321.72,0,NA,-321.72,-100,3,0,NA,0,NA,NA,NA
2026-05-15,NA,84,WS_P003,24.50034,-81.63003,1891,Diploria,labyrinthiformis,DL8,73.94,0,NA,-73.94,-100,1,0,NA,0,NA,NA,NA
2026-05-15,NA,84,WS_P003,24.50034,-81.63003,1891,Dichocoenia,stokesi,DS13,57.62,0,NA,-57.62,-100,1,0,NA,0,NA,NA,NA
2026-05-15,NA,84,WS_P003,24.50034,-81.63003,1891,Montastraea,cavernosa,MC112,37.03,0,NA,-37.03,-100,1,0,NA,0,NA,NA,NA
2026-05-15,NA,84,WS_P003,24.50034,-81.63003,1891,Montastraea,cavernosa,MC62,61.09,0,NA,-61.09,-100,1,0,NA,0,NA,NA,NA
2026-05-15,NA,84,WS_P003,24.50034,-81.63003,1891,Orbicella,annularis,OA9,1560.25,0,NA,-1560.25,-100,22,0,NA,0,NA,NA,NA
2026-05-15,NA,84,WS_P003,24.50034,-81.63003,1891,Orbicella,faveolata,OF0,158.36,0,NA,-158.36,-100,1,0,NA,0,NA,NA,NA
2026-05-15,NA,84,WS_P003,24.50034,-81.63003,1891,Orbicella,faveolata,OF1,65.82,0,NA,-65.82,-100,1,0,NA,0,NA,NA,NA
2026-05-15,NA,84,WS_P003,24.50034,-81.63003,1891,Orbicella,faveolata,OF1005,149.48,0,NA,-149.48,-100,2,0,NA,0,NA,NA,NA
2026-05-15,NA,84,WS_P003,24.50034,-81.63003,1891,Orbicella,faveolata,OF1035,85.64,0,NA,-85.64,-100,1,0,NA,0,NA,NA,NA
2026-05-15,NA,84,WS_P003,24.50034,-81.63003,1891,Orbicella,faveolata,OF1043,60.72,0,NA,-60.72,-100,1,0,NA,0,NA,NA,NA
2026-05-15,NA,84,WS_P003,24.50034,-81.63003,1891,Orbicella,faveolata,OF1106,104.24,0,NA,-104.24,-100,2,0,NA,0,NA,NA,NA
2026-05-15,NA,84,WS_P003,24.50034,-81.63003,1891,Orbicella,faveolata,OF668,107.23,0,NA,-107.23,-100,1,0,NA,0,NA,NA,NA
2026-05-15,NA,84,WS_P003,24.50034,-81.63003,1891,Orbicella,faveolata,OF75,73.31,0,NA,-73.31,-100,1,0,NA,0,NA,NA,NA
2026-05-15,NA,84,WS_P003,24.50034,-81.63003,1891,Orbicella,faveolata,OF775,193.96,0,NA,-193.96,-100,2,0,NA,0,NA,NA,NA
2026-05-15,NA,84,WS_P003,24.50034,-81.63003,1891,Orbicella,faveolata,OF976,135.13,0,NA,-135.13,-100,2,0,NA,0,NA,NA,NA
2026-05-15,NA,84,WS_P003,24.50034,-81.63003,1891,Orbicella,faveolata,OF977,33.41,0,NA,-33.41,-100,1,0,NA,0,NA,NA,NA
2026-05-15,NA,84,WS_P003,24.50034,-81.63003,1891,Orbicella,faveolata,OF985,65.95,0,NA,-65.95,-100,1,0,NA,0,NA,NA,NA
2026-05-15,NA,84,WS_P003,24.50034,-81.63003,1891,Orbicella,faveolata,OF988,322.31,0,NA,-322.31,-100,3,0,NA,0,NA,NA,NA
2026-05-15,NA,84,WS_P003,24.50034,-81.63003,1891,Orbicella,faveolata,OF993,73.97,0,NA,-73.97,-100,1,0,NA,0,NA,NA,NA
2026-05-15,NA,84,WS_P003,24.50034,-81.63003,1891,Orbicella,faveolata,OF999,353.05,0,NA,-353.05,-100,5,0,NA,0,NA,NA,NA
2026-05-15,NA,84,WS_P003,24.50034,-81.63003,1891,Orbicella,franksi,OK1,319.72,0,NA,-319.72,-100,5,0,NA,0,NA,NA,NA
2026-05-15,NA,84,WS_P003,24.50034,-81.63003,1891,Porites,asteroides,PA42,51.15,0,NA,-51.15,-100,1,0,NA,0,NA,NA,NA
2026-05-15,NA,84,WS_P003,24.50034,-81.63003,1891,Porites,asteroides,PA50,96.56,0,NA,-96.56,-100,1,0,NA,0,NA,NA,NA
2026-05-15,NA,84,WS_P003,24.50034,-81.63003,1891,Porites,asteroides,PA52,152.31,0,NA,-152.31,-100,2,0,NA,0,NA,NA,NA
2026-05-15,NA,84,WS_P003,24.50034,-81.63003,1891,Porites,asteroides,PA70,133.21,0,NA,-133.21,-100,2,0,NA,0,NA,NA,NA
2026-05-15,NA,84,WS_P003,24.50034,-81.63003,1891,Porites,asteroides,PA71,57.97,0,NA,-57.97,-100,1,0,NA,0,NA,NA,NA
2026-05-15,NA,84,WS_P003,24.50034,-81.63003,1891,Porites,asteroides,PA86,169.5,0,NA,-169.5,-100,2,0,NA,0,NA,NA,NA
2026-05-15,NA,84,WS_P003,24.50034,-81.63003,1891,Pseudodiploria,clivosa,PC13,311.33,0,NA,-311.33,-100,4,0,NA,0,NA,NA,NA
2026-05-15,NA,84,WS_P003,24.50034,-81.63003,1891,Pseudodiploria,clivosa,PC15,52.52,0,NA,-52.52,-100,1,0,NA,0,NA,NA,NA
2026-05-15,NA,84,WS_P003,24.50034,-81.63003,1891,Pseudodiploria,clivosa,PC19,344.07,0,NA,-344.07,-100,5,0,NA,0,NA,NA,NA
2026-05-15,NA,84,WS_P003,24.50034,-81.63003,1891,Pseudodiploria,clivosa,PC28,106.22,0,NA,-106.22,-100,1,0,NA,0,NA,NA,NA
2026-05-15,NA,84,WS_P003,24.50034,-81.63003,1891,Pseudodiploria,clivosa,PC30,296.93,0,NA,-296.93,-100,4,0,NA,0,NA,NA,NA
2026-05-15,NA,84,WS_P003,24.50034,-81.63003,1891,Pseudodiploria,clivosa,PC31,209.29,0,NA,-209.29,-100,3,0,NA,0,NA,NA,NA
2026-05-15,NA,84,WS_P003,24.50034,-81.63003,1891,Pseudodiploria,clivosa,PC33,415.27,0,NA,-415.27,-100,5,0,NA,0,NA,NA,NA
2026-05-15,NA,84,WS_P003,24.50034,-81.63003,1891,Pseudodiploria,clivosa,PC34,478.12,0,NA,-478.12,-100,6,0,NA,0,NA,NA,NA
2026-05-15,NA,84,WS_P003,24.50034,-81.63003,1891,Pseudodiploria,clivosa,PC38,479.49,0,NA,-479.49,-100,6,0,NA,0,NA,NA,NA
2026-05-15,NA,84,WS_P003,24.50034,-81.63003,1891,Pseudodiploria,clivosa,PC40,72.65,0,NA,-72.65,-100,1,0,NA,0,NA,NA,NA
2026-05-15,NA,84,WS_P003,24.50034,-81.63003,1891,Pseudodiploria,clivosa,PC41,114.2,0,NA,-114.2,-100,1,0,NA,0,NA,NA,NA
2026-05-15,NA,84,WS_P003,24.50034,-81.63003,1891,Pseudodiploria,clivosa,PC55,79.66,0,NA,-79.66,-100,1,0,NA,0,NA,NA,NA
2026-05-15,NA,84,WS_P003,24.50034,-81.63003,1891,Pseudodiploria,clivosa,PC57,58.14,0,NA,-58.14,-100,1,0,NA,0,NA,NA,NA
2026-05-15,NA,84,WS_P003,24.50034,-81.63003,1891,Pseudodiploria,clivosa,PC61,184.13,0,NA,-184.13,-100,2,0,NA,0,NA,NA,NA
2026-05-15,NA,84,WS_P003,24.50034,-81.63003,1891,Porites,furcata,PF1,183.25,0,NA,-183.25,-100,2,0,NA,0,NA,NA,NA
2026-05-15,NA,84,WS_P003,24.50034,-81.63003,1891,Pseudodiploria,strigosa,PS0,49.84,0,NA,-49.84,-100,1,0,NA,0,NA,NA,NA
2026-05-15,NA,84,WS_P003,24.50034,-81.63003,1891,Pseudodiploria,strigosa,PS10,42.92,0,NA,-42.92,-100,1,0,NA,0,NA,NA,NA
2026-05-15,NA,84,WS_P003,24.50034,-81.63003,1891,Pseudodiploria,strigosa,PS13,134.97,0,NA,-134.97,-100,2,0,NA,0,NA,NA,NA
2026-05-15,NA,84,WS_P003,24.50034,-81.63003,1891,Pseudodiploria,strigosa,PS14,121.28,0,NA,-121.28,-100,1,0,NA,0,NA,NA,NA
2026-05-15,NA,84,WS_P003,24.50034,-81.63003,1891,Pseudodiploria,strigosa,PS17,120.15,0,NA,-120.15,-100,2,0,NA,0,NA,NA,NA
2026-05-15,NA,84,WS_P003,24.50034,-81.63003,1891,Pseudodiploria,strigosa,PS20,93.41,0,NA,-93.41,-100,2,0,NA,0,NA,NA,NA
2026-05-15,NA,84,WS_P003,24.50034,-81.63003,1891,Pseudodiploria,strigosa,PS23,76.36,0,NA,-76.36,-100,1,0,NA,0,NA,NA,NA
2026-05-15,NA,84,WS_P003,24.50034,-81.63003,1891,Pseudodiploria,strigosa,PS25,268.79,0,NA,-268.79,-100,4,0,NA,0,NA,NA,NA
2026-05-15,NA,84,WS_P003,24.50034,-81.63003,1891,Pseudodiploria,strigosa,PS27,53.54,0,NA,-53.54,-100,1,0,NA,0,NA,NA,NA
2026-05-15,NA,84,WS_P003,24.50034,-81.63003,1891,Pseudodiploria,strigosa,PS31,166.48,0,NA,-166.48,-100,2,0,NA,0,NA,NA,NA
2026-05-15,NA,84,WS_P003,24.50034,-81.63003,1891,Pseudodiploria,strigosa,PS32,53.37,0,NA,-53.37,-100,1,0,NA,0,NA,NA,NA
2026-05-15,NA,84,WS_P003,24.50034,-81.63003,1891,Pseudodiploria,strigosa,PS33,43.42,0,NA,-43.42,-100,1,0,NA,0,NA,NA,NA
2026-05-15,NA,84,WS_P003,24.50034,-81.63003,1891,Pseudodiploria,strigosa,PS35,42.24,0,NA,-42.24,-100,1,0,NA,0,NA,NA,NA
2026-05-15,NA,84,WS_P003,24.50034,-81.63003,1891,Pseudodiploria,strigosa,PS37,426.81,0,NA,-426.81,-100,5,0,NA,0,NA,NA,NA
2026-05-15,NA,84,WS_P003,24.50034,-81.63003,1891,Pseudodiploria,strigosa,PS44,87.52,0,NA,-87.52,-100,1,0,NA,0,NA,NA,NA
2026-05-15,NA,84,WS_P003,24.50034,-81.63003,1891,Pseudodiploria,strigosa,PS50,47.42,0,NA,-47.42,-100,1,0,NA,0,NA,NA,NA
2026-05-15,NA,84,WS_P003,24.50034,-81.63003,1891,Stephanocenia,intercepta,SI32,50.11,0,NA,-50.11,-100,1,0,NA,0,NA,NA,NA
2026-05-15,NA,84,WS_P003,24.50034,-81.63003,1891,Stephanocenia,intercepta,SI76,22.63,0,NA,-22.63,-100,1,0,NA,0,NA,NA,NA
